{
  "discentes" : [
      {
        "id": 1,
        "nombre": "Feo",
        "apellidos": "De verdad de la buena",
        "curso": "2DAW",
        "modulos": "DWC, DWS, DIW, DEc",
        "aficiones": "Ninguna",
        "comida": "Macarrones" 
      },
      {
        "id": 2,
        "nombre": "Fea",
        "apellidos": "También De verdad",
        "curso": "2DAW",
        "modulos": "DWC, DWS, DIW",
        "aficiones": "Ninguna",
        "comida": "Macarrones" 
      },
      {
        "id": 3,
        "nombre": "Horrible",
        "apellidos": "De verdad",
        "curso": "2DAW",
        "modulos": "DWC",
        "aficiones": "Ninguna",
        "comida": "Macarrones" 
      },
      {
        "id": 4,
        "nombre": "Horrible2",
        "apellidos": "De verdad2",
        "curso": "2DAW",
        "modulos": "DWC",
        "aficiones": "Ninguna",
        "comida": "Macarrones" 
      }
  ]
}